date,score,comments
2010-01,1151677,683937
2010-02,958966,583314
2010-03,1099036,696535
2010-04,1079373,646915
2010-05,1058948,693750
2010-06,1080410,705476
2010-07,1125671,762636
2010-08,1304571,790761
2010-09,1903656,840400
2010-10,1841051,869348
2010-11,1987808,971911
2010-12,2149360,946867
2011-01,2489953,1070538
2011-02,2356158,975195
2011-03,2639892,1211924
2011-04,2810802,1164148
2011-05,3266094,1361307
2011-06,3576579,1413029
2011-07,3701386,1401287
2011-08,4255707,1609058
2011-09,4417048,1606452
2011-10,4910605,1710180
2011-11,5503118,1733311
2011-12,6375004,1862238
2012-01,7132145,1952712
2012-02,7311500,2001606
2012-03,8146199,1989547
2012-04,8680139,2125107
2012-05,9289783,2302464
2012-06,9628509,2520869
2012-07,10425675,2735355
2012-08,11371102,2751669
2012-09,11808054,2595951
2012-10,13133243,2777981
2012-11,13696953,2700269
2012-12,14268929,2783817
2013-01,13736001,3231767
2013-02,12922800,2727536
2013-03,14623200,3067205
2013-04,14828100,3275246
2013-05,15217169,3315234
2013-06,15391300,3533522
2013-07,15563700,3605225
2013-08,16166400,3353030
2013-09,15557500,3189211
2013-10,16389600,3779203
2013-11,16212200,3347652
2013-12,17885100,3359242
2014-01,18208500,3827306
2014-02,16577700,3433093
2014-03,18652300,3801944
2014-04,18352300,3543952
2014-05,19267999,3786266
2014-06,19930300,3767149
2014-07,45432199,4223581
2014-08,48488600,4369765
2014-09,47172400,4020588
2014-10,47699399,4123113
2014-11,46505799,4065720
2014-12,46492967,3854179
2015-01,50610700,4846464
2015-02,45878499,3952340
2015-03,50310001,4488701
2015-04,48261600,4299295
2015-05,49065499,4680610
2015-06,49163499,4619441
2015-07,50250299,4801937
2015-08,51983298,4765232
2015-09,48296599,4696239
2015-10,51851199,4775075
2015-11,51553073,5187116
2015-12,50709200,5043265
2016-01,51974900,5163756
2016-02,49868899,5027637
2016-03,54862699,5341184
2016-04,61431097,5730811
2016-05,63627797,5740726
2016-06,63249399,5985938
2016-07,67496298,5876835
2016-08,69905296,5813283
2016-09,70620894,5350746
2016-10,76623897,5757322
2016-11,87470795,6076683
2016-12,93194695,6158448
2017-01,103478194,6838501
2017-02,95664013,6152696
2017-03,104642394,6907446
2017-04,108480598,6587875
2017-05,122524190,7083157
2017-06,123605895,7056574
2017-07,119678589,7044885
2017-08,128792193,7274780
2017-09,131506890,6374580
2017-10,142008789,6929152
2017-11,152030590,7165986
2017-12,154156485,6671879
2018-01,161868384,7397451
2018-02,156393488,6870677
2018-03,172725987,6403743
2018-04,167695491,6807731
2018-05,175857392,6848850
2018-06,172494491,6600533
2018-07,189057187,7414805
2018-08,188870086,6677875
2018-09,189196488,6414656
2018-10,206490600,7264139
2018-11,212922581,6932712
2018-12,236737079,7540615
2019-01,261256882,7970374
2019-02,244752379,7736364
2019-03,258141977,7842089
2019-04,228669584,7033767
2019-05,246560384,6877864
2019-06,252057776,6818630
2019-07,281626671,7301764
2019-08,294512872,8216383
2019-09,286096966,6784633
2019-10,294867261,7240906
2019-11,287679167,6999181
2019-12,309591072,7748834
