date,error
2010-01,6539
2010-02,5836
2010-03,6454
2010-04,6230
2010-05,6350
2010-06,6149
2010-07,6280
2010-08,6295
2010-09,6029
2010-10,6053
2010-11,5985
2010-12,6183
2011-01,6171
2011-02,5502
2011-03,6162
2011-04,5871
2011-05,6060
2011-06,5871
2011-07,5838
2011-08,5923
2011-09,5699
2011-10,6004
2011-11,5811
2011-12,5944
2012-01,5800
2012-02,5442
2012-03,5711
2012-04,5530
2012-05,5656
2012-06,5411
2012-07,5587
2012-08,5623
2012-09,5397
2012-10,5685
2012-11,5422
2012-12,5384
2013-01,5671
2013-02,5237
2013-03,5830
2013-04,5785
2013-05,5992
2013-06,5911
2013-07,6027
2013-08,6008
2013-09,5861
2013-10,6075
2013-11,5898
2013-12,5988
2014-01,6033
2014-02,5439
2014-03,6038
2014-04,5804
2014-05,6163
2014-06,5969
2014-07,5934
2014-08,6156
2014-09,5999
2014-10,6205
2014-11,5978
2014-12,6035
2015-01,6252
2015-02,5704
2015-03,6425
2015-04,6194
2015-05,6377
2015-06,6210
2015-07,6380
2015-08,6565
2015-09,6338
2015-10,6476
2015-11,6333
2015-12,6446
2016-01,6486
2016-02,6086
2016-03,6438
2016-04,6402
2016-05,6433
2016-06,6474
2016-07,6457
2016-08,6832
2016-09,6403
2016-10,6541
2016-11,6357
2016-12,6605
2017-01,6596
2017-02,5906
2017-03,6553
2017-04,6428
2017-05,6597
2017-06,6345
2017-07,6600
2017-08,6561
2017-09,6505
2017-10,6639
2017-11,6530
2017-12,6473
2018-01,6640
2018-02,6158
2018-03,6702
2018-04,6517
2018-05,6721
2018-06,6571
2018-07,6704
2018-08,6626
2018-09,6468
2018-10,6684
2018-11,6452
2018-12,6633
2019-01,6686
2019-02,5973
2019-03,6587
2019-04,6201
2019-05,6409
2019-06,6139
2019-07,6210
2019-08,6169
2019-09,6044
2019-10,6264
2019-11,6076
2019-12,6375
