term,probability,topic
hee,0.000477057182326081,0
mario,0.0004609187875118751,0
jimmy,0.0003883554432079505,0
omg,0.0003764913673950928,0
much,0.0003764808837646747,0
franken,0.0003385546402203086,0
[gif],0.00032693266278162195,0
ninja,0.0003250078828778388,0
what?,0.00031572177599503584,0
wall,0.00030409506689796617,0
stupid,0.00031165099645600236,1
it.,0.0002975765852829353,1
already,0.0002860014868846515,1
minutes,0.00027754227427694093,1
marriage,0.00022555812078998668,1
tiny,0.00022228192491751907,1
christmas,0.00019612712981380788,1
31,0.00019337719859014387,1
tree,0.00019205885642518473,1
little,0.00018985656875403933,1
good,0.0007905815777546556,2
found,0.0007699894682962208,2
thing,0.0007352951986054184,2
gop,0.0006604083985564149,2
use,0.0005791670186211067,2
internet,0.000565933000298571,2
korea,0.0005324578963692439,2
john,0.0005092158608414938,2
dead,0.000505866005556852,2
would,0.00045621182947313887,2
cat,0.0005038453330826224,3
meanwhile,0.000434040955604173,3
different,0.0003900713993601084,3
vs,0.00038682764288275806,3
grand,0.0003163686455566353,3
championships,0.0002945191606716021,3
puts,0.00029449738844506665,3
national,0.00027184580451119567,3
giant,0.0002638547343946791,3
dallas,0.0002601161698172169,3
-,0.006246109432397261,4
new,0.0031421717506968263,4
one,0.003062752254411425,4
like,0.0030551969995360664,4
dae,0.002329825395876586,4
get,0.0021377516750815326,4
made,0.0021197128167897866,4
anyone,0.0021118249283226796,4
i'm,0.002060700918354503,4
til,0.001979537865787677,4
larger,0.00034901434606108325,5
cat.,0.00032016765658121176,5
neat,0.00030624284438117286,5
custom,0.00027023236608271365,5
proving,0.00025773950260637676,5
measure,0.0002527684274844352,5
android,0.00025180794880608936,5
owl,0.000249273979605387,5
performance,0.0002462448390025448,5
hat,0.00023889884531322074,5
minecraft,0.0019124440120961265,6
game,0.0005863177828611516,6
finally,0.0005080152296664277,6
problem,0.0005032703031992926,6
party,0.00047725890645789436,6
tea,0.0004352017652998139,6
everything,0.0004297107866657984,6
court,0.00042435352794810427,6
first,0.0003916544864000191,6
water,0.00037529901294016055,6
right?,0.000654705223429648,7
may,0.0004736057203016072,7
young,0.00038358931880679367,7
like,0.000376987425041213,7
girls,0.0003587603800155538,7
suu,0.0003572864702806292,7
common,0.00035580605538161646,7
double,0.0003408369857188175,7
economic,0.0003017866234897754,7
llama,0.0002960067058519728,7
dog,0.0006580772370636189,8
dawkins,0.0005409784739242705,8
richard,0.0005400327103764658,8
making,0.0004340998103979475,8
answers,0.0003663581276880892,8
oh,0.00036486570017587314,8
getting,0.0003511606617908387,8
thanks,0.0003243988341411792,8
says,0.00031085671753008394,8
trailer,0.0003092294018915585,8
[pic],0.001900003313695821,9
ever.,0.0010059860351659784,9
til,0.0008484537220362925,9
still,0.0008295750091552469,9
people,0.0007450978162640171,9
project,0.0007394202682899973,9
food,0.0006665779894618814,9
worst,0.0006115490461734039,9
death,0.0005836294272946425,9
best,0.0005746366633682387,9
